objectid;id_rte500;nature;toponyme;type;codeuic;region;departement;date_maj;geo_shape;geo_point_2d
1;1450;Gare de voyageurs;Fontpédrouse-Saint-Thomas;halte ferroviaire;87784769;Occitanie;66;2018-02-07T02:00:00+01:00;"{""type"": ""Point"", ""coordinates"": [2.188606555723969, 42.51369740973698]}";42.5136974097,2.18860655572
9;1472;Gare de voyageurs;Campagnac-Saint-Geniez;halte ferroviaire;87783340;Occitanie;12;2018-02-07T02:00:00+01:00;"{""type"": ""Point"", ""coordinates"": [3.0661581695587152, 44.42213724887701]}";44.4221372489,3.06615816956
12;1556;Gare de voyageurs;Serdinya;halte ferroviaire;87784702;Occitanie;66;2018-02-07T02:00:00+01:00;"{""type"": ""Point"", ""coordinates"": [2.323017212100557, 42.56702896005731]}";42.5670289601,2.3230172121
16;1595;Gare de voyageurs et de fret;Colomiers;gare avec accueil du public;87611467;Occitanie;31;2018-02-07T02:00:00+01:00;"{""type"": ""Point"", ""coordinates"": [1.334038513896104, 43.60326939335566]}";43.6032693934,1.3340385139
17;1600;Gare de voyageurs;Aimargues;halte ferroviaire;87775833;Occitanie;30;2018-02-07T02:00:00+01:00;"{""type"": ""Point"", ""coordinates"": [4.20897947655417, 43.67869180781053]}";43.6786918078,4.20897947655
21;1611;Gare de voyageurs;Dégagnac;halte ferroviaire;87613174;Occitanie;46;2018-02-07T02:00:00+01:00;"{""type"": ""Point"", ""coordinates"": [1.3400558043761421, 44.65363841468293]}";44.6536384147,1.34005580438
22;1711;Gare de voyageurs et de fret;Carcassonne;gare avec accueil du public;87615286;Occitanie;11;2018-02-07T02:00:00+01:00;"{""type"": ""Point"", ""coordinates"": [2.351474524920826, 43.218088391410795]}";43.2180883914,2.35147452492
33;1785;Gare de voyageurs;Bagnols-Chadenet;halte ferroviaire;87783647;Occitanie;48;2018-02-07T02:00:00+01:00;"{""type"": ""Point"", ""coordinates"": [3.628388116474934, 44.52854089295166]}";44.528540893,3.62838811647
36;1883;Gare de voyageurs;Nozières-Brignon;halte ferroviaire;87775353;Occitanie;30;2018-02-07T02:00:00+01:00;"{""type"": ""Point"", ""coordinates"": [4.208031213416389, 43.97541235712482]}";43.9754123571,4.20803121342
42;1929;Gare de voyageurs et de fret;Sévérac-d'Aveyron;gare avec accueil du public;87783365;Occitanie;12;2018-02-07T02:00:00+01:00;"{""type"": ""Point"", ""coordinates"": [3.05699347573181, 44.32458967859722]}";44.3245896786,3.05699347573
44;1939;Gare de voyageurs;Saint-Denis-près-Martel;gare avec accueil du public;87594572;Occitanie;46;2018-02-07T02:00:00+01:00;"{""type"": ""Point"", ""coordinates"": [1.666506113106152, 44.94609062139621]}";44.9460906214,1.66650611311
46;2064;Gare de voyageurs;L'Isle-Jourdain;gare avec accueil du public;87611806;Occitanie;32;2018-02-07T02:00:00+01:00;"{""type"": ""Point"", ""coordinates"": [1.08970450764238, 43.61731141961547]}";43.6173114196,1.08970450764
50;2087;Gare de voyageurs;Couffoulens-Leuc;halte ferroviaire;87615120;Occitanie;11;2018-02-07T02:00:00+01:00;"{""type"": ""Point"", ""coordinates"": [2.316117222747656, 43.15544627897059]}";43.155446279,2.31611722275
51;2088;Gare de voyageurs et de fret;Cazères-sur-Garonne;gare avec accueil du public;87611079;Occitanie;31;2018-02-07T02:00:00+01:00;"{""type"": ""Point"", ""coordinates"": [1.082328231024797, 43.21275999867374]}";43.2127599987,1.08232823102
53;2093;Gare de voyageurs;Damiatte-Saint-Paul;halte ferroviaire;87615484;Occitanie;81;2018-02-07T02:00:00+01:00;"{""type"": ""Point"", ""coordinates"": [1.974381193867186, 43.65618454164969]}";43.6561845416,1.97438119387
54;2096;Gare de voyageurs;Uchaud;halte ferroviaire;87775106;Occitanie;30;2018-02-07T02:00:00+01:00;"{""type"": ""Point"", ""coordinates"": [4.266479686025191, 43.75763374429259]}";43.7576337443,4.26647968603
63;2246;Gare de voyageurs;Villenouvelle;halte ferroviaire;87618215;Occitanie;31;2018-02-07T02:00:00+01:00;"{""type"": ""Point"", ""coordinates"": [1.660689669336231, 43.433396500806346]}";43.4333965008,1.66068966934
65;2249;Gare de voyageurs et de fret;Béziers;gare avec accueil du public;87781005;Occitanie;34;2018-02-07T02:00:00+01:00;"{""type"": ""Point"", ""coordinates"": [3.219040412086794, 43.33625404559826]}";43.3362540456,3.21904041209
68;2255;Gare de voyageurs;Aubiet;halte ferroviaire;87611764;Occitanie;32;2018-02-07T02:00:00+01:00;"{""type"": ""Point"", ""coordinates"": [0.7892317734464861, 43.65007159212097]}";43.6500715921,0.789231773446
71;2258;Gare de voyageurs;Saint-Aunès;halte ferroviaire;87773465;Occitanie;34;2018-02-07T02:00:00+01:00;"{""type"": ""Point"", ""coordinates"": [3.9633633390796152, 43.63538759149208]}";43.6353875915,3.96336333908
72;2261;Gare de voyageurs;Fenouillet-Saint-Alban;halte ferroviaire;87611962;Occitanie;31;2018-02-07T02:00:00+01:00;"{""type"": ""Point"", ""coordinates"": [1.401334114605584, 43.68432336673263]}";43.6843233667,1.40133411461
80;2394;Gare de voyageurs;Alet-les-Bains;halte ferroviaire;87615187;Occitanie;11;2018-02-07T02:00:00+01:00;"{""type"": ""Point"", ""coordinates"": [2.251545744246806, 42.997622015678104]}";42.9976220157,2.25154574425
81;2395;Gare de voyageurs et de fret;Port-la-Nouvelle;gare avec accueil du public;87781062;Occitanie;11;2018-02-07T02:00:00+01:00;"{""type"": ""Point"", ""coordinates"": [3.038693195902913, 43.0201753681655]}";43.0201753682,3.0386931959
82;2401;Gare de voyageurs;Toulouse-Matabiau;gare avec accueil du public;87611004;Occitanie;31;2018-02-07T02:00:00+01:00;"{""type"": ""Point"", ""coordinates"": [1.454005705037022, 43.61214504394223]}";43.6121450439,1.45400570504
111;2720;Gare de voyageurs;Err;halte ferroviaire;87784843;Occitanie;66;2018-02-07T02:00:00+01:00;"{""type"": ""Point"", ""coordinates"": [2.028510938024676, 42.44321114660124]}";42.4432111466,2.02851093802
117;2741;Gare de voyageurs;Limoux;gare avec accueil du public;87615161;Occitanie;11;2018-02-07T02:00:00+01:00;"{""type"": ""Point"", ""coordinates"": [2.222984685666414, 43.05727164148155]}";43.0572716415,2.22298468567
126;2943;Gare de voyageurs;Pins-Justaret;halte ferroviaire;87618116;Occitanie;31;2018-02-07T02:00:00+01:00;"{""type"": ""Point"", ""coordinates"": [1.400096556445312, 43.478612077876434]}";43.4786120779,1.40009655645
133;3015;Gare de voyageurs;Latour-de-Carol-Enveitg;gare avec accueil du public;87611483;Occitanie;66;2018-02-07T02:00:00+01:00;"{""type"": ""Point"", ""coordinates"": [1.90433730933107, 42.45901119917981]}";42.4590111992,1.90433730933
138;3039;Gare de voyageurs et de fret;Castres;gare avec accueil du public;87615468;Occitanie;81;2018-02-07T02:00:00+01:00;"{""type"": ""Point"", ""coordinates"": [2.231046873144585, 43.599064971713744]}";43.5990649717,2.23104687314
140;3048;Gare de voyageurs et de fret;Sète;gare avec accueil du public;87773200;Occitanie;34;2018-02-07T02:00:00+01:00;"{""type"": ""Point"", ""coordinates"": [3.696391549430122, 43.412804427145645]}";43.4128044271,3.69639154943
141;3052;Gare de voyageurs et de fret;Grisolles;halte ferroviaire;87611673;Occitanie;82;2018-02-07T02:00:00+01:00;"{""type"": ""Point"", ""coordinates"": [1.302282515092502, 43.827310991209565]}";43.8273109912,1.30228251509
143;3059;Gare de voyageurs et de fret;Millau;gare avec accueil du public;87783001;Occitanie;12;2018-02-07T02:00:00+01:00;"{""type"": ""Point"", ""coordinates"": [3.074415302242205, 44.102828305526636]}";44.1028283055,3.07441530224
145;3064;Gare de voyageurs;Saint-Ambroix;halte ferroviaire;0;Occitanie;30;2018-02-07T02:00:00+01:00;"{""type"": ""Point"", ""coordinates"": [4.193855386777832, 44.26000700649442]}";44.2600070065,4.19385538678
150;3236;Gare de voyageurs;Auterive;gare avec accueil du public;87611384;Occitanie;31;2018-02-07T02:00:00+01:00;"{""type"": ""Point"", ""coordinates"": [1.46853979391204, 43.348952959101844]}";43.3489529591,1.46853979391
154;3259;Gare de voyageurs;Marseillan-Plage;halte ferroviaire;87781294;Occitanie;34;2018-02-07T02:00:00+01:00;"{""type"": ""Point"", ""coordinates"": [3.535197252263203, 43.31804047776195]}";43.3180404778,3.53519725226
157;3269;Gare de voyageurs et de fret;Castelsarrasin;gare avec accueil du public;87611897;Occitanie;82;2018-02-07T02:00:00+01:00;"{""type"": ""Point"", ""coordinates"": [1.114446618038065, 44.040326966738505]}";44.0403269667,1.11444661804
171;3347;Gare de voyageurs;Vic-Mireval;halte ferroviaire;87773531;Occitanie;34;2018-02-07T02:00:00+01:00;"{""type"": ""Point"", ""coordinates"": [3.799365762709829, 43.500784023648805]}";43.5007840236,3.79936576271
173;3352;Gare de voyageurs;Le Cailar;halte ferroviaire;87775825;Occitanie;30;2018-02-07T02:00:00+01:00;"{""type"": ""Point"", ""coordinates"": [4.235109228984362, 43.683254272606256]}";43.6832542726,4.23510922898
177;3366;Gare de voyageurs et de fret;Lexos;halte ferroviaire;87613489;Occitanie;81;2018-02-07T02:00:00+01:00;"{""type"": ""Point"", ""coordinates"": [1.885062422476702, 44.14223042559061]}";44.1422304256,1.88506242248
185;3615;Gare de voyageurs;Rocamadour-Padirac;halte ferroviaire;87613042;Occitanie;46;2018-02-07T02:00:00+01:00;"{""type"": ""Point"", ""coordinates"": [1.657283446006241, 44.818341157503916]}";44.8183411575,1.65728344601
193;3654;Gare de voyageurs;Nyer;halte ferroviaire;87784736;Occitanie;66;2018-02-07T02:00:00+01:00;"{""type"": ""Point"", ""coordinates"": [2.262967735078226, 42.54149420147868]}";42.5414942015,2.26296773508
194;3655;Gare de voyageurs;Marignac-Saint-Béat;halte ferroviaire;87611194;Occitanie;31;2018-02-07T02:00:00+01:00;"{""type"": ""Point"", ""coordinates"": [0.65216413133632, 42.91575736817547]}";42.9157573682,0.652164131336
211;3895;Gare de voyageurs;Les Ramassiers;halte ferroviaire;87353581;Occitanie;31;2018-02-07T02:00:00+01:00;"{""type"": ""Point"", ""coordinates"": [1.352762907433585, 43.602348952371784]}";43.6023489524,1.35276290743
216;3933;Gare de voyageurs;Sainte-Léocadie;halte ferroviaire;87784850;Occitanie;66;2018-02-07T02:00:00+01:00;"{""type"": ""Point"", ""coordinates"": [2.01030499655772, 42.44100128327139]}";42.4410012833,2.01030499656
219;3937;Gare de voyageurs;Ax-les-Thermes;gare avec accueil du public;87611533;Occitanie;09;2018-02-07T02:00:00+01:00;"{""type"": ""Point"", ""coordinates"": [1.8333978137452172, 42.72523891558623]}";42.7252389156,1.83339781375
224;3946;Gare de voyageurs et de fret;Baziège;halte ferroviaire;87611723;Occitanie;31;2018-02-07T02:00:00+01:00;"{""type"": ""Point"", ""coordinates"": [1.620556708120366, 43.45344799434096]}";43.4534479943,1.62055670812
227;3958;Gare de voyageurs et de fret;Montauban-Ville-Bourbon;gare avec accueil du public;87611244;Occitanie;82;2018-02-07T02:00:00+01:00;"{""type"": ""Point"", ""coordinates"": [1.341132438329169, 44.014123301944906]}";44.0141233019,1.34113243833
230;3966;Gare de voyageurs;Balsièges-Bourg;halte ferroviaire;87111864;Occitanie;48;2018-02-07T02:00:00+01:00;"{""type"": ""Point"", ""coordinates"": [3.456611906201479, 44.48206797921797]}";44.4820679792,3.4566119062
234;4155;Gare de voyageurs;Le Grau-du-Roi;gare avec accueil du public;87775866;Occitanie;30;2018-02-07T02:00:00+01:00;"{""type"": ""Point"", ""coordinates"": [4.14130722522837, 43.53748293516222]}";43.5374829352,4.14130722523
241;4207;Gare de voyageurs;Saint-Laurent-d'Aigouze;halte ferroviaire;87775841;Occitanie;30;2018-02-07T02:00:00+01:00;"{""type"": ""Point"", ""coordinates"": [4.192799622427994, 43.63902542652224]}";43.6390254265,4.19279962243
245;4233;Gare de voyageurs;Saléchan-Siradan;halte ferroviaire;87618710;Occitanie;65;2018-02-07T02:00:00+01:00;"{""type"": ""Point"", ""coordinates"": [0.6316603800696861, 42.96307058361676]}";42.9630705836,0.63166038007
246;4238;Gare de voyageurs;Mérenvielle;halte ferroviaire;87611814;Occitanie;31;2018-02-07T02:00:00+01:00;"{""type"": ""Point"", ""coordinates"": [1.151521474484496, 43.63688421090921]}";43.6368842109,1.15152147448
252;4257;Gare de voyageurs;Aumont-Aubrac;halte ferroviaire;87783266;Occitanie;48;2018-02-07T02:00:00+01:00;"{""type"": ""Point"", ""coordinates"": [3.283404437980024, 44.71815295947427]}";44.7181529595,3.28340443798
258;4431;Gare de voyageurs;Sauto;halte ferroviaire;87784777;Occitanie;66;2018-02-07T02:00:00+01:00;"{""type"": ""Point"", ""coordinates"": [2.159744223837201, 42.50618241190748]}";42.5061824119,2.15974422384
266;4500;Gare de voyageurs;Thuès-Carença;halte ferroviaire;87784751;Occitanie;66;2018-02-07T02:00:00+01:00;"{""type"": ""Point"", ""coordinates"": [2.227158013753835, 42.52372943474814]}";42.5237294347,2.22715801375
267;4502;Gare de voyageurs;Le Vernet-d'Ariège;halte ferroviaire;87611350;Occitanie;09;2018-02-07T02:00:00+01:00;"{""type"": ""Point"", ""coordinates"": [1.6116876488385081, 43.19068403000883]}";43.19068403,1.61168764884
272;4510;Gare de voyageurs;Bédarieux;gare avec accueil du public;87781609;Occitanie;34;2018-02-07T02:00:00+01:00;"{""type"": ""Point"", ""coordinates"": [3.149596172288982, 43.60875966093333]}";43.6087596609,3.14959617229
275;4518;Gare de voyageurs;Lacourtensourt;halte ferroviaire;87611434;Occitanie;31;2018-02-07T02:00:00+01:00;"{""type"": ""Point"", ""coordinates"": [1.413868418427616, 43.66376474677481]}";43.6637647468,1.41386841843
286;4714;Gare de voyageurs;Najac;halte ferroviaire;87613463;Occitanie;12;2018-02-07T02:00:00+01:00;"{""type"": ""Point"", ""coordinates"": [1.976034292537045, 44.221821967235066]}";44.2218219672,1.97603429254
291;4779;Gare de voyageurs;Gimont-Cahuzac;gare avec accueil du public;87611772;Occitanie;32;2018-02-07T02:00:00+01:00;"{""type"": ""Point"", ""coordinates"": [0.867628872649792, 43.63319408206748]}";43.6331940821,0.86762887265
292;4780;Gare de voyageurs;Route-de-Launaguet;halte ferroviaire;87611954;Occitanie;31;2018-02-07T02:00:00+01:00;"{""type"": ""Point"", ""coordinates"": [1.439901181573906, 43.63507587249015]}";43.6350758725,1.43990118157
303;4959;Gare de voyageurs et de fret;Tarascon-sur-Ariège;gare avec accueil du public;87611590;Occitanie;09;2018-02-07T02:00:00+01:00;"{""type"": ""Point"", ""coordinates"": [1.599939424141113, 42.849812916379605]}";42.8498129164,1.59993942414
308;5011;Gare de voyageurs;Porté-Puymorens;halte ferroviaire;87611509;Occitanie;66;2018-02-07T02:00:00+01:00;"{""type"": ""Point"", ""coordinates"": [1.825079837010658, 42.53925752872235]}";42.5392575287,1.82507983701
20;1608;Gare de voyageurs;Villefort;gare avec accueil du public;87775197;Occitanie;48;2018-02-07T02:00:00+01:00;"{""type"": ""Point"", ""coordinates"": [3.923514846044329, 44.43946852438858]}";44.4394685244,3.92351484604
23;1729;Gare de voyageurs;Port-Vendres;halte ferroviaire;87784264;Occitanie;66;2018-02-07T02:00:00+01:00;"{""type"": ""Point"", ""coordinates"": [3.102397118275859, 42.51337577778661]}";42.5133757778,3.10239711828
26;1739;Gare de voyageurs;Montlaur;halte ferroviaire;87618207;Occitanie;31;2018-02-07T02:00:00+01:00;"{""type"": ""Point"", ""coordinates"": [1.577717446118983, 43.47531695421071]}";43.4753169542,1.57771744612
38;1911;Gare de voyageurs;Olette-Canaveilles-les-Bains;halte ferroviaire;87784728;Occitanie;66;2018-02-07T02:00:00+01:00;"{""type"": ""Point"", ""coordinates"": [2.272509051697663, 42.554636592136994]}";42.5546365921,2.2725090517
45;1964;Gare de voyageurs;Quillan;halte ferroviaire;87615260;Occitanie;11;2018-02-07T02:00:00+01:00;"{""type"": ""Point"", ""coordinates"": [2.181545722575575, 42.873743029704535]}";42.8737430297,2.18154572258
57;2105;Gare de voyageurs;Génolhac;gare avec accueil du public;87775213;Occitanie;30;2018-02-07T02:00:00+01:00;"{""type"": ""Point"", ""coordinates"": [3.951266844694229, 44.346861720192194]}";44.3468617202,3.95126684469
60;2222;Gare de voyageurs;Luchon;gare avec accueil du public;87611236;Occitanie;31;2018-02-07T02:00:00+01:00;"{""type"": ""Point"", ""coordinates"": [0.596599645992219, 42.79711079685333]}";42.7971107969,0.596599645992
69;2256;Gare de voyageurs;Labruguière;halte ferroviaire;87615526;Occitanie;81;2018-02-07T02:00:00+01:00;"{""type"": ""Point"", ""coordinates"": [2.259297025050342, 43.54269083588572]}";43.5426908359,2.25929702505
76;2273;Gare de voyageurs;Chirac;halte ferroviaire;87783290;Occitanie;48;2018-02-07T02:00:00+01:00;"{""type"": ""Point"", ""coordinates"": [3.263905418447205, 44.523855566948804]}";44.5238555669,3.26390541845
90;2537;Gare de voyageurs;Venerque-Le-Vernet;halte ferroviaire;87611392;Occitanie;31;2018-02-07T02:00:00+01:00;"{""type"": ""Point"", ""coordinates"": [1.425878325020422, 43.433725162012834]}";43.433725162,1.42587832502
93;2558;Gare de voyageurs;Perpignan;gare avec accueil du public;87784009;Occitanie;66;2018-02-07T02:00:00+01:00;"{""type"": ""Point"", ""coordinates"": [2.8796272182832183, 42.696086371190745]}";42.6960863712,2.87962721828
95;2560;Gare de voyageurs et de fret;Montréjeau-Gourdan-Polignan;gare avec accueil du public;87611152;Occitanie;31;2018-02-07T02:00:00+01:00;"{""type"": ""Point"", ""coordinates"": [0.573509109825181, 43.078043757479904]}";43.0780437575,0.573509109825
97;2568;Gare de voyageurs;Sainte-Cécile-d'Andorge;halte ferroviaire;87775239;Occitanie;30;2018-02-07T02:00:00+01:00;"{""type"": ""Point"", ""coordinates"": [3.975767415074996, 44.255730296488004]}";44.2557302965,3.97576741507
102;2575;Gare de voyageurs et de fret;Gaillac;gare avec accueil du public;87615252;Occitanie;81;2018-02-07T02:00:00+01:00;"{""type"": ""Point"", ""coordinates"": [1.894734635797652, 43.90627502403617]}";43.906275024,1.8947346358
104;2577;Gare de voyageurs;Saint-Césaire;halte ferroviaire;87775072;Occitanie;30;2018-02-07T02:00:00+01:00;"{""type"": ""Point"", ""coordinates"": [4.327090978755785, 43.81295435692702]}";43.8129543569,4.32709097876
106;2585;Gare de voyageurs et de fret;Cordes-Vindrac;gare avec accueil du public;87613802;Occitanie;81;2018-02-07T02:00:00+01:00;"{""type"": ""Point"", ""coordinates"": [1.900087152161388, 44.066919724944086]}";44.0669197249,1.90008715216
110;2595;Gare de voyageurs;La Bastide-Saint-Laurent;halte ferroviaire;87775171;Occitanie;48;2018-02-07T02:00:00+01:00;"{""type"": ""Point"", ""coordinates"": [3.904109741552067, 44.593488308184824]}";44.5934883082,3.90410974155
113;2732;Gare de voyageurs;Mérens-les-Vals;halte ferroviaire;87611525;Occitanie;09;2018-02-07T02:00:00+01:00;"{""type"": ""Point"", ""coordinates"": [1.8371263692724051, 42.659599759679246]}";42.6595997597,1.83712636927
120;2751;Gare de voyageurs et de fret;Escalquens;gare avec accueil du public;87611707;Occitanie;31;2018-02-07T02:00:00+01:00;"{""type"": ""Point"", ""coordinates"": [1.5423628862355652, 43.516837135949636]}";43.5168371359,1.54236288624
134;3029;Gare de voyageurs et de fret;Luzenac-Garanou;halte ferroviaire;87611558;Occitanie;09;2018-02-07T02:00:00+01:00;"{""type"": ""Point"", ""coordinates"": [1.753361363863398, 42.76435737609917]}";42.7643573761,1.75336136386
136;3037;Gare de voyageurs;Martres-Tolosane;halte ferroviaire;87611087;Occitanie;31;2018-02-07T02:00:00+01:00;"{""type"": ""Point"", ""coordinates"": [1.016588160505517, 43.196132612755065]}";43.1961326128,1.01658816051
142;3058;Gare de voyageurs;Saint-Rome-de-Cernon;halte ferroviaire;87783431;Occitanie;12;2018-02-07T02:00:00+01:00;"{""type"": ""Point"", ""coordinates"": [2.967367299752249, 44.0140373910544]}";44.0140373911,2.96736729975
146;3066;Gare de voyageurs et de fret;Rodez;gare avec accueil du public;87613422;Occitanie;12;2018-02-07T02:00:00+01:00;"{""type"": ""Point"", ""coordinates"": [2.582710679468697, 44.362495693029835]}";44.362495693,2.58271067947
148;3068;Gare de voyageurs;Les Salelles;halte ferroviaire;87783514;Occitanie;48;2018-02-07T02:00:00+01:00;"{""type"": ""Point"", ""coordinates"": [3.281341054817468, 44.483396999504976]}";44.4833969995,3.28134105482
159;3278;Gare de voyageurs et de fret;Capdenac;gare avec accueil du public;87613109;Occitanie;12;2018-02-07T02:00:00+01:00;"{""type"": ""Point"", ""coordinates"": [2.078391766154127, 44.57835721052796]}";44.5783572105,2.07839176615
165;3334;Gare de voyageurs;Saint-Féliu-d'Avall;halte ferroviaire;87784520;Occitanie;66;2018-02-07T02:00:00+01:00;"{""type"": ""Point"", ""coordinates"": [2.738389828902811, 42.677196144204494]}";42.6771961442,2.7383898289
179;3368;Gare de voyageurs;Saint-Christophe-Marcillac;gare avec accueil du public;87613257;Occitanie;12;2018-02-07T02:00:00+01:00;"{""type"": ""Point"", ""coordinates"": [2.40782597581292, 44.46434607173123]}";44.4643460717,2.40782597581
180;3371;Gare de voyageurs;Figeac;gare avec accueil du public;87613091;Occitanie;46;2018-02-07T02:00:00+01:00;"{""type"": ""Point"", ""coordinates"": [2.037685622272495, 44.6024627127105]}";44.6024627127,2.03768562227
182;3569;Gare de voyageurs;Mont-Louis-La Cabanasse;gare avec accueil du public;87784793;Occitanie;66;2018-02-07T02:00:00+01:00;"{""type"": ""Point"", ""coordinates"": [2.113174066896045, 42.50196419817456]}";42.5019641982,2.1131740669
187;3629;Gare de voyageurs;Saint-Martin-du-Touch;halte ferroviaire;87353599;Occitanie;31;2018-02-07T02:00:00+01:00;"{""type"": ""Point"", ""coordinates"": [1.372090332032768, 43.59957322436056]}";43.5995732244,1.37209033203
210;3893;Gare de voyageurs;Albias;halte ferroviaire;87613398;Occitanie;82;2018-02-07T02:00:00+01:00;"{""type"": ""Point"", ""coordinates"": [1.444305560509588, 44.09162434356527]}";44.0916243436,1.44430556051
217;3934;Gare de voyageurs et de fret;Cerbère;gare avec accueil du public;87785006;Occitanie;66;2018-02-07T02:00:00+01:00;"{""type"": ""Point"", ""coordinates"": [3.162539849618076, 42.44085193030988]}";42.4408519303,3.16253984962
223;3944;Gare de voyageurs;Vielmur-sur-Agout;halte ferroviaire;87775197;Occitanie;81;2018-02-07T02:00:00+01:00;"{""type"": ""Point"", ""coordinates"": [2.089442871850268, 43.62408806870602]}";43.6240880687,2.08944287185
229;3965;Gare de voyageurs;Salles-Courbatiers;halte ferroviaire;87613877;Occitanie;12;2018-02-07T02:00:00+01:00;"{""type"": ""Point"", ""coordinates"": [2.078942057618274, 44.47541217399369]}";44.475412174,2.07894205762
244;4232;Gare de voyageurs;Loures-Barbazan;halte ferroviaire;87611178;Occitanie;65;2018-02-07T02:00:00+01:00;"{""type"": ""Point"", ""coordinates"": [0.6104470007246681, 43.02112626030632]}";43.0211262603,0.610447000725
248;4242;Gare de voyageurs;Gragnague;halte ferroviaire;87615377;Occitanie;31;2018-02-07T02:00:00+01:00;"{""type"": ""Point"", ""coordinates"": [1.567583753457248, 43.696509173496935]}";43.6965091735,1.56758375346
250;4244;Gare de voyageurs;Nîmes;gare avec accueil du public;87775007;Occitanie;30;2018-02-07T02:00:00+01:00;"{""type"": ""Point"", ""coordinates"": [4.365980392854718, 43.832386339966526]}";43.83238634,4.36598039285
257;4430;Gare de voyageurs;Argelès-sur-Mer;gare avec accueil du public;87784231;Occitanie;66;2018-02-07T02:00:00+01:00;"{""type"": ""Point"", ""coordinates"": [3.02219881763467, 42.543600391086954]}";42.5436003911,3.02219881763
259;4442;Gare de voyageurs et de fret;Aigues-Mortes;gare avec accueil du public;87775858;Occitanie;30;2018-02-07T02:00:00+01:00;"{""type"": ""Point"", ""coordinates"": [4.191125182505548, 43.57112255037658]}";43.5711225504,4.19112518251
260;4444;Gare de voyageurs;Labarthe-Inard;halte ferroviaire;87611129;Occitanie;31;2018-02-07T02:00:00+01:00;"{""type"": ""Point"", ""coordinates"": [0.8532185313175901, 43.105060363991925]}";43.105060364,0.853218531318
268;4503;Gare de voyageurs;Verzeille;halte ferroviaire;87615138;Occitanie;11;2018-02-07T02:00:00+01:00;"{""type"": ""Point"", ""coordinates"": [2.321106682933358, 43.130964083268296]}";43.1309640833,2.32110668293
274;4517;Gare de voyageurs;Dieupentale;halte ferroviaire;87611681;Occitanie;82;2018-02-07T02:00:00+01:00;"{""type"": ""Point"", ""coordinates"": [1.275865077535851, 43.86546319935326]}";43.8654631994,1.27586507754
279;4526;Gare de voyageurs;Golfech;halte ferroviaire;87618082;Occitanie;82;2018-02-07T02:00:00+01:00;"{""type"": ""Point"", ""coordinates"": [0.8538503344837951, 44.1161792762755]}";44.1161792763,0.853850334484
281;4539;Gare de voyageurs;Gignac-Cressensac;halte ferroviaire;87594325;Occitanie;46;2018-02-07T02:00:00+01:00;"{""type"": ""Point"", ""coordinates"": [1.483286691962993, 45.01467808562285]}";45.0146780856,1.48328669196
285;4709;Gare de voyageurs et de fret;Villefranche-de-Rouergue;gare avec accueil du public;87613893;Occitanie;12;2018-02-07T02:00:00+01:00;"{""type"": ""Point"", ""coordinates"": [2.036233558987367, 44.34728317828894]}";44.3472831783,2.03623355899
293;4782;Gare de voyageurs;Saint-Sulpice-Tarn;gare avec accueil du public;87615344;Occitanie;81;2018-02-07T02:00:00+01:00;"{""type"": ""Point"", ""coordinates"": [1.681038797267158, 43.77539950368044]}";43.7753995037,1.68103879727
300;4807;Gare de voyageurs;Vayrac;halte ferroviaire;87594739;Occitanie;46;2018-02-07T02:00:00+01:00;"{""type"": ""Point"", ""coordinates"": [1.706118921215678, 44.95013719822835]}";44.9501371982,1.70611892122
312;10000;Gare de voyageurs et de fret;Ossun;halte ferroviaire;87671313;Occitanie;65;2018-02-07T02:00:00+01:00;"{""type"": ""Point"", ""coordinates"": [-0.021347550431393, 43.18349573198975]}";43.183495732,-0.0213475504314
7;1464;Gare de voyageurs;Vauvert;gare avec accueil du public;87775817;Occitanie;30;2018-02-07T02:00:00+01:00;"{""type"": ""Point"", ""coordinates"": [4.270177054793375, 43.69513191871854]}";43.6951319187,4.27017705479
10;1476;Gare de voyageurs;Pomas;halte ferroviaire;87615146;Occitanie;11;2018-02-07T02:00:00+01:00;"{""type"": ""Point"", ""coordinates"": [2.288309658974769, 43.1121415456527]}";43.1121415457,2.28830965897
13;1584;Gare de voyageurs;Bourg-Madame;gare avec accueil du public;87784876;Occitanie;66;2018-02-07T02:00:00+01:00;"{""type"": ""Point"", ""coordinates"": [1.948565181458589, 42.43256868728393]}";42.4325686873,1.94856518146
15;1591;Gare de voyageurs et de fret;Narbonne;gare avec accueil du public;87781104;Occitanie;11;2018-02-07T02:00:00+01:00;"{""type"": ""Point"", ""coordinates"": [3.005254115162434, 43.19037323537895]}";43.1903732354,3.00525411516
30;1750;Gare de voyageurs;Laissac;halte ferroviaire;87783761;Occitanie;12;2018-02-07T02:00:00+01:00;"{""type"": ""Point"", ""coordinates"": [2.822384102568031, 44.374870748617894]}";44.3748707486,2.82238410257
34;1786;Gare de voyageurs;Belvezet;halte ferroviaire;87783670;Occitanie;48;2018-02-07T02:00:00+01:00;"{""type"": ""Point"", ""coordinates"": [3.751810279663227, 44.5618851191996]}";44.5618851192,3.75181027966
39;1913;Gare de voyageurs et de fret;Pamiers;gare avec accueil du public;87611343;Occitanie;09;2018-02-07T02:00:00+01:00;"{""type"": ""Point"", ""coordinates"": [1.619842318603958, 43.1158862665166]}";43.1158862665,1.6198423186
58;2107;Gare de voyageurs;Cransac;halte ferroviaire;87613232;Occitanie;12;2018-02-07T02:00:00+01:00;"{""type"": ""Point"", ""coordinates"": [2.272274797222604, 44.522667735479196]}";44.5226677355,2.27227479722
64;2248;Gare de voyageurs et de fret;Castelnaudary;gare avec accueil du public;87615039;Occitanie;11;2018-02-07T02:00:00+01:00;"{""type"": ""Point"", ""coordinates"": [1.9489072964486531, 43.31215770710435]}";43.3121577071,1.94890729645
83;2402;Gare de voyageurs;Montaudran;halte ferroviaire;87612010;Occitanie;31;2018-02-07T02:00:00+01:00;"{""type"": ""Point"", ""coordinates"": [1.479705695590168, 43.573899007769384]}";43.5738990078,1.47970569559
84;2403;Gare de voyageurs;Labège-Village;halte ferroviaire;87612028;Occitanie;31;2018-02-07T02:00:00+01:00;"{""type"": ""Point"", ""coordinates"": [1.533346481122983, 43.53009939930765]}";43.5300993993,1.53334648112
94;2559;Gare de voyageurs;Capvern;halte ferroviaire;87671156;Occitanie;65;2018-02-07T02:00:00+01:00;"{""type"": ""Point"", ""coordinates"": [0.329594168203902, 43.10351715694864]}";43.1035171569,0.329594168204
96;2563;Gare de voyageurs et de fret;Muret;gare avec accueil du public;87611038;Occitanie;31;2018-02-07T02:00:00+01:00;"{""type"": ""Point"", ""coordinates"": [1.324296976408045, 43.46495862238188]}";43.4649586224,1.32429697641
108;2592;Gare de voyageurs et de fret;Cahors;gare avec accueil du public;87613000;Occitanie;46;2018-02-07T02:00:00+01:00;"{""type"": ""Point"", ""coordinates"": [1.433230816518503, 44.44928391223175]}";44.4492839122,1.43323081652
112;2721;Gare de voyageurs;Bolquère-Eyne;halte ferroviaire;87784801;Occitanie;66;2018-02-07T02:00:00+01:00;"{""type"": ""Point"", ""coordinates"": [2.087163775003456, 42.49808059565034]}";42.4980805957,2.087163775
114;2733;Gare de voyageurs;Vinça;halte ferroviaire;87784611;Occitanie;66;2018-02-07T02:00:00+01:00;"{""type"": ""Point"", ""coordinates"": [2.527521223003618, 42.64814541360718]}";42.6481454136,2.527521223
121;2759;Gare de voyageurs;Milhaud;halte ferroviaire;87775098;Occitanie;30;2018-02-07T02:00:00+01:00;"{""type"": ""Point"", ""coordinates"": [4.303083839475907, 43.78842986025067]}";43.7884298603,4.30308383948
122;2760;Gare de voyageurs;Beauvoisin;halte ferroviaire;87775809;Occitanie;30;2018-02-07T02:00:00+01:00;"{""type"": ""Point"", ""coordinates"": [4.321537190698955, 43.72458512977351]}";43.7245851298,4.3215371907
124;2774;Gare de voyageurs;Le Bruel;halte ferroviaire;87783548;Occitanie;48;2018-02-07T02:00:00+01:00;"{""type"": ""Point"", ""coordinates"": [3.35842515215087, 44.481303687755094]}";44.4813036878,3.35842515215
125;2776;Gare de voyageurs;Gramat;gare avec accueil du public;87613059;Occitanie;46;2018-02-07T02:00:00+01:00;"{""type"": ""Point"", ""coordinates"": [1.722480997818725, 44.77344465288764]}";44.7734446529,1.72248099782
137;3038;Gare de voyageurs et de fret;Mazamet;gare avec accueil du public;87615542;Occitanie;81;2018-02-07T02:00:00+01:00;"{""type"": ""Point"", ""coordinates"": [2.3750363298779402, 43.49784787450233]}";43.4978478745,2.37503632988
139;3047;Gare de voyageurs;Labège-Innopole;halte ferroviaire;87612002;Occitanie;31;2018-02-07T02:00:00+01:00;"{""type"": ""Point"", ""coordinates"": [1.513312862111989, 43.54696238418816]}";43.5469623842,1.51331286211
147;3067;Gare de voyageurs;Marvejols;gare avec accueil du public;87783282;Occitanie;48;2018-02-07T02:00:00+01:00;"{""type"": ""Point"", ""coordinates"": [3.281886566831442, 44.54513406408848]}";44.5451340641,3.28188656683
149;3076;Gare de voyageurs;Bétaille;halte ferroviaire;87594747;Occitanie;46;2018-02-07T02:00:00+01:00;"{""type"": ""Point"", ""coordinates"": [1.73382548413549, 44.94277239771807]}";44.9427723977,1.73382548414
160;3279;Gare de voyageurs;Lardenne;halte ferroviaire;87611939;Occitanie;31;2018-02-07T02:00:00+01:00;"{""type"": ""Point"", ""coordinates"": [1.383857706769531, 43.59651899253708]}";43.5965189925,1.38385770677
166;3336;Gare de voyageurs;Couiza-Montazels;halte ferroviaire;87615203;Occitanie;11;2018-02-07T02:00:00+01:00;"{""type"": ""Point"", ""coordinates"": [2.248326438740193, 42.94258014942089]}";42.9425801494,2.24832643874
167;3340;Gare de voyageurs;Saint-Jean-de-Verges;halte ferroviaire;87611624;Occitanie;09;2018-02-07T02:00:00+01:00;"{""type"": ""Point"", ""coordinates"": [1.608002252019702, 43.0128389588332]}";43.0128389588,1.60800225202
174;3356;Gare de voyageurs et de fret;Malause;halte ferroviaire;87611871;Occitanie;82;2018-02-07T02:00:00+01:00;"{""type"": ""Point"", ""coordinates"": [0.9718273999993661, 44.08803626827637]}";44.0880362683,0.971827399999
175;3357;Gare de voyageurs;Tessonnières;halte ferroviaire;87615245;Occitanie;81;2018-02-07T02:00:00+01:00;"{""type"": ""Point"", ""coordinates"": [1.9371056894371002, 43.92821261789821]}";43.9282126179,1.93710568944
176;3358;Gare de voyageurs et de fret;Albi-Madeleine;gare avec accueil du public;87615195;Occitanie;81;2018-02-07T02:00:00+01:00;"{""type"": ""Point"", ""coordinates"": [2.1409487160004312, 43.93743787669644]}";43.9374378767,2.140948716
192;3653;Gare de voyageurs;Andorre-L'Hospitalet;gare avec accueil du public;87611517;Occitanie;09;2018-02-07T02:00:00+01:00;"{""type"": ""Point"", ""coordinates"": [1.800914824540077, 42.589494185158415]}";42.5894941852,1.80091482454
213;3898;Gare de voyageurs;Limoux-Flassian;halte ferroviaire;87598755;Occitanie;11;2018-02-07T02:00:00+01:00;"{""type"": ""Point"", ""coordinates"": [2.218579293945779, 43.06860325695247]}";43.068603257,2.21857929395
220;3938;Gare de voyageurs et de fret;Lourdes;gare avec accueil du public;87671339;Occitanie;65;2018-02-07T02:00:00+01:00;"{""type"": ""Point"", ""coordinates"": [-0.042259496872798, 43.10053964790077]}";43.1005396479,-0.0422594968728
221;3942;Gare de voyageurs;Cintegabelle;halte ferroviaire;87611376;Occitanie;31;2018-02-07T02:00:00+01:00;"{""type"": ""Point"", ""coordinates"": [1.52063663102837, 43.30522786177589]}";43.3052278618,1.52063663103
222;3943;Gare de voyageurs;Le Soler;halte ferroviaire;87784512;Occitanie;66;2018-02-07T02:00:00+01:00;"{""type"": ""Point"", ""coordinates"": [2.7949977752923862, 42.678908241128326]}";42.6789082411,2.79499777529
231;3967;Gare de voyageurs;Allenc;halte ferroviaire;87783654;Occitanie;48;2018-02-07T02:00:00+01:00;"{""type"": ""Point"", ""coordinates"": [3.663914808617972, 44.54154695419212]}";44.5415469542,3.66391480862
235;4156;Gare de voyageurs;Millas;halte ferroviaire;87784546;Occitanie;66;2018-02-07T02:00:00+01:00;"{""type"": ""Point"", ""coordinates"": [2.693575499787082, 42.688822965023554]}";42.688822965,2.69357549979
237;4196;Gare de voyageurs;Valergues-Lansargues;halte ferroviaire;87773432;Occitanie;34;2018-02-07T02:00:00+01:00;"{""type"": ""Point"", ""coordinates"": [4.06056755519124, 43.67271225648023]}";43.6727122565,4.06056755519
239;4201;Gare de voyageurs;Salses-le-Château;halte ferroviaire;87784157;Occitanie;66;2018-02-07T02:00:00+01:00;"{""type"": ""Point"", ""coordinates"": [2.917396714057928, 42.83553469907674]}";42.8355346991,2.91739671406
256;4429;Gare de voyageurs et de fret;Carmaux;gare avec accueil du public;87615625;Occitanie;81;2018-02-07T02:00:00+01:00;"{""type"": ""Point"", ""coordinates"": [2.1523689320421022, 44.04825614801729]}";44.048256148,2.15236893204
264;4498;Gare de voyageurs;Saillagouse;halte ferroviaire;87784835;Occitanie;66;2018-02-07T02:00:00+01:00;"{""type"": ""Point"", ""coordinates"": [2.031967431195828, 42.45685895419372]}";42.4568589542,2.0319674312
265;4499;Gare de voyageurs;Planès;halte ferroviaire;87784785;Occitanie;66;2018-02-07T02:00:00+01:00;"{""type"": ""Point"", ""coordinates"": [2.136887998662302, 42.50106008885387]}";42.5010600889,2.13688799866
270;4507;Gare de voyageurs;Agde;gare avec accueil du public;87781278;Occitanie;34;2018-02-07T02:00:00+01:00;"{""type"": ""Point"", ""coordinates"": [3.466152182756859, 43.31758198675384]}";43.3175819868,3.46615218276
271;4509;Gare de voyageurs;Colomiers-Lycée-International;halte ferroviaire;87611921;Occitanie;31;2018-02-07T02:00:00+01:00;"{""type"": ""Point"", ""coordinates"": [1.314047273995611, 43.616215834713344]}";43.6162158347,1.314047274
276;4519;Gare de voyageurs;Lisle-sur-Tarn;gare avec accueil du public;87615310;Occitanie;81;2018-02-07T02:00:00+01:00;"{""type"": ""Point"", ""coordinates"": [1.8079560948119011, 43.85648703877449]}";43.8564870388,1.80795609481
277;4520;Gare de voyageurs;Ceilhes-Roqueredonde;halte ferroviaire;87781542;Occitanie;34;2018-02-07T02:00:00+01:00;"{""type"": ""Point"", ""coordinates"": [3.154553317514387, 43.812523292315234]}";43.8125232923,3.15455331751
278;4521;Gare de voyageurs;Gallargues-le-Montueux;halte ferroviaire;87775130;Occitanie;30;2018-02-07T02:00:00+01:00;"{""type"": ""Point"", ""coordinates"": [4.171297901436486, 43.716127730106315]}";43.7161277301,4.17129790144
282;4677;Gare de voyageurs;Chasseradès;halte ferroviaire;87775148;Occitanie;48;2018-02-07T02:00:00+01:00;"{""type"": ""Point"", ""coordinates"": [3.840059297378742, 44.554012615324964]}";44.5540126153,3.84005929738
283;4680;Gare de voyageurs;Tournay;gare avec accueil du public;87671172;Occitanie;65;2018-02-07T02:00:00+01:00;"{""type"": ""Point"", ""coordinates"": [0.23902099504000102, 43.18344629467432]}";43.1834462947,0.23902099504
290;4771;Gare de voyageurs;Ria;halte ferroviaire;87784660;Occitanie;66;2018-02-07T02:00:00+01:00;"{""type"": ""Point"", ""coordinates"": [2.390506253651426, 42.60324006861772]}";42.6032400686,2.39050625365
296;4786;Gare de voyageurs;Beaucaire;halte ferroviaire;87775023;Occitanie;30;2018-02-07T02:00:00+01:00;"{""type"": ""Point"", ""coordinates"": [4.647186634524633, 43.80217872670911]}";43.8021787267,4.64718663452
297;4790;Gare de voyageurs;Tanus;halte ferroviaire;87615674;Occitanie;81;2018-02-07T02:00:00+01:00;"{""type"": ""Point"", ""coordinates"": [2.315207265357104, 44.100387073742716]}";44.1003870737,2.31520726536
301;4814;Gare de voyageurs;Laguépie;halte ferroviaire;87613471;Occitanie;12;2018-02-07T02:00:00+01:00;"{""type"": ""Point"", ""coordinates"": [1.968943455666402, 44.14555905699573]}";44.145559057,1.96894345567
305;5006;Gare de voyageurs;Avignonet;halte ferroviaire;87616011;Occitanie;31;2018-02-07T02:00:00+01:00;"{""type"": ""Point"", ""coordinates"": [1.787623547658826, 43.363924233860345]}";43.3639242339,1.78762354766
307;5010;Gare de voyageurs;Campagne;halte ferroviaire;87615229;Occitanie;11;2018-02-07T02:00:00+01:00;"{""type"": ""Point"", ""coordinates"": [2.205554038629685, 42.91693550557833]}";42.9169355056,2.20555403863
11;1477;Gare de voyageurs;Laval-de-Cère;halte ferroviaire;87594796;Occitanie;46;2018-02-07T02:00:00+01:00;"{""type"": ""Point"", ""coordinates"": [1.931550086456021, 44.950968740871]}";44.9509687409,1.93155008646
18;1601;Gare de voyageurs;Marssac-surTarn;halte ferroviaire;87615419;Occitanie;81;2018-02-07T02:00:00+01:00;"{""type"": ""Point"", ""coordinates"": [2.027025065772021, 43.91508485001707]}";43.91508485,2.02702506577
25;1734;Gare de voyageurs;Les Cabrils;halte ferroviaire;87781559;Occitanie;34;2018-02-07T02:00:00+01:00;"{""type"": ""Point"", ""coordinates"": [3.186031193154709, 43.77974809463642]}";43.7797480946,3.18603119315
35;1788;Gare de voyageurs;Espéraza;halte ferroviaire;87615211;Occitanie;11;2018-02-07T02:00:00+01:00;"{""type"": ""Point"", ""coordinates"": [2.21801779265561, 42.9358041000025]}";42.9358041,2.21801779266
40;1921;Gare de voyageurs;Rabastens-Coufouleux;gare avec accueil du public;87615328;Occitanie;81;2018-02-07T02:00:00+01:00;"{""type"": ""Point"", ""coordinates"": [1.731023980438327, 43.819649258226214]}";43.8196492582,1.73102398044
41;1924;Gare de voyageurs;Lavilledieu;halte ferroviaire;87611459;Occitanie;82;2018-02-07T02:00:00+01:00;"{""type"": ""Point"", ""coordinates"": [1.214375155664355, 44.03545007921202]}";44.0354500792,1.21437515566
47;2082;Gare de voyageurs;Estavar;halte ferroviaire;87784827;Occitanie;66;2018-02-07T02:00:00+01:00;"{""type"": ""Point"", ""coordinates"": [2.017951990799193, 42.4632104910871]}";42.4632104911,2.0179519908
56;2100;Gare de voyageurs;Fons-Saint-Mamert;halte ferroviaire;87775379;Occitanie;30;2018-02-07T02:00:00+01:00;"{""type"": ""Point"", ""coordinates"": [4.206652553560351, 43.90726384322085]}";43.9072638432,4.20665255356
67;2251;Gare de voyageurs;Vias;halte ferroviaire;87781260;Occitanie;34;2018-02-07T02:00:00+01:00;"{""type"": ""Point"", ""coordinates"": [3.424507636191535, 43.31591651253748]}";43.3159165125,3.42450763619
74;2264;Gare de voyageurs;Tournemire-Roquefort;halte ferroviaire;87783456;Occitanie;12;2018-02-07T02:00:00+01:00;"{""type"": ""Point"", ""coordinates"": [3.016990886578725, 43.96964819772085]}";43.9696481977,3.01699088658
77;2274;Gare de voyageurs;Chanac;halte ferroviaire;87783530;Occitanie;48;2018-02-07T02:00:00+01:00;"{""type"": ""Point"", ""coordinates"": [3.345544012227586, 44.47407465399493]}";44.474074654,3.34554401223
89;2424;Gare de voyageurs;Puybrun;halte ferroviaire;87594754;Occitanie;46;2018-02-07T02:00:00+01:00;"{""type"": ""Point"", ""coordinates"": [1.784253798578401, 44.92160980445309]}";44.9216098045,1.78425379858
91;2551;Gare de voyageurs;Chapeauroux;halte ferroviaire;87734343;Occitanie;48;2018-02-07T02:00:00+01:00;"{""type"": ""Point"", ""coordinates"": [3.741830632217073, 44.83787193029254]}";44.8378719303,3.74183063222
92;2557;Gare de voyageurs;Elne;gare avec accueil du public;87784207;Occitanie;66;2018-02-07T02:00:00+01:00;"{""type"": ""Point"", ""coordinates"": [2.963530452405409, 42.59736410009532]}";42.5973641001,2.96353045241
99;2570;Gare de voyageurs;Lalande-Eglise;halte ferroviaire;87611947;Occitanie;31;2018-02-07T02:00:00+01:00;"{""type"": ""Point"", ""coordinates"": [1.42758369464299, 43.64694625940957]}";43.6469462594,1.42758369464
100;2573;Gare de voyageurs et de fret;Auch;gare avec accueil du public;87611749;Occitanie;32;2018-02-07T02:00:00+01:00;"{""type"": ""Point"", ""coordinates"": [0.5970597207827271, 43.647322388317455]}";43.6473223883,0.597059720783
103;2576;Gare de voyageurs;Montastruc-la-Conseillère;halte ferroviaire;87615369;Occitanie;31;2018-02-07T02:00:00+01:00;"{""type"": ""Point"", ""coordinates"": [1.5974276883117642, 43.71574690175604]}";43.7157469018,1.59742768831
105;2583;Gare de voyageurs;Moissac;gare avec accueil du public;87611889;Occitanie;82;2018-02-07T02:00:00+01:00;"{""type"": ""Point"", ""coordinates"": [1.077251080672291, 44.10247889790451]}";44.1024788979,1.07725108067
109;2594;Gare de voyageurs et de fret;Bagnac;halte ferroviaire;87613604;Occitanie;46;2018-02-07T02:00:00+01:00;"{""type"": ""Point"", ""coordinates"": [2.160450703750468, 44.6650999644896]}";44.6650999645,2.16045070375
115;2735;Gare de voyageurs;Collioure;gare avec accueil du public;87784256;Occitanie;66;2018-02-07T02:00:00+01:00;"{""type"": ""Point"", ""coordinates"": [3.078100200805673, 42.52686430767506]}";42.5268643077,3.07810020081
116;2740;Gare de voyageurs;Varilhes;gare avec accueil du public;87611327;Occitanie;09;2018-02-07T02:00:00+01:00;"{""type"": ""Point"", ""coordinates"": [1.629193155249777, 43.04168461744581]}";43.0416846174,1.62919315525
119;2744;Gare de voyageurs;Le Fauga;halte ferroviaire;87611046;Occitanie;31;2018-02-07T02:00:00+01:00;"{""type"": ""Point"", ""coordinates"": [1.282483601309093, 43.40444025727135]}";43.4044402573,1.28248360131
127;2951;Gare de voyageurs;Villefranche-Vernet-les-Bains;gare avec accueil du public;87784686;Occitanie;66;2018-02-07T02:00:00+01:00;"{""type"": ""Point"", ""coordinates"": [2.370029891952027, 42.59145808361772]}";42.5914580836,2.37002989195
128;2994;Gare de voyageurs;Le Bousquet-d'Orb;halte ferroviaire;87781583;Occitanie;34;2018-02-07T02:00:00+01:00;"{""type"": ""Point"", ""coordinates"": [3.168524647250185, 43.69139265962118]}";43.6913926596,3.16852464725
130;3004;Gare de voyageurs et de fret;Boussens;gare avec accueil du public;87611095;Occitanie;31;2018-02-07T02:00:00+01:00;"{""type"": ""Point"", ""coordinates"": [0.972365017775709, 43.179858698317986]}";43.1798586983,0.972365017776
135;3035;Gare de voyageurs et de fret;Saint-Gaudens;gare avec accueil du public;87611137;Occitanie;31;2018-02-07T02:00:00+01:00;"{""type"": ""Point"", ""coordinates"": [0.729549584049205, 43.105047227517275]}";43.1050472275,0.729549584049
161;3305;Gare de voyageurs;Les Cauquillous;halte ferroviaire;87328021;Occitanie;81;2018-02-07T02:00:00+01:00;"{""type"": ""Point"", ""coordinates"": [1.754652078773373, 43.73424523619637]}";43.7342452362,1.75465207877
163;3312;Gare de voyageurs;Gallieni-Cancéropôle;halte ferroviaire;87497461;Occitanie;31;2018-02-07T02:00:00+01:00;"{""type"": ""Point"", ""coordinates"": [1.4192125907557092, 43.574103466282814]}";43.5741034663,1.41921259076
164;3321;Gare de voyageurs;Enveitg-Village-Béna-Fanès;halte ferroviaire;87784892;Occitanie;66;2018-02-07T02:00:00+01:00;"{""type"": ""Point"", ""coordinates"": [1.916815224699522, 42.458041035937235]}";42.4580410359,1.9168152247
168;3341;Gare de voyageurs;Longages-Noé;halte ferroviaire;87611053;Occitanie;31;2018-02-07T02:00:00+01:00;"{""type"": ""Point"", ""coordinates"": [1.252225179676032, 43.356714391669904]}";43.3567143917,1.25222517968
169;3342;Gare de voyageurs;Coursan;halte ferroviaire;87781161;Occitanie;11;2018-02-07T02:00:00+01:00;"{""type"": ""Point"", ""coordinates"": [3.050288178867843, 43.23316813551714]}";43.2331681355,3.05028817887
170;3346;Gare de voyageurs;La Levade;halte ferroviaire;87775247;Occitanie;30;2018-02-07T02:00:00+01:00;"{""type"": ""Point"", ""coordinates"": [4.009833655680632, 44.22880857726935]}";44.2288085773,4.00983365568
178;3367;Gare de voyageurs;Gammal;halte ferroviaire;0;Occitanie;30;2018-02-07T02:00:00+01:00;"{""type"": ""Point"", ""coordinates"": [4.146581921172439, 44.27084587409164]}";44.2708458741,4.14658192117
181;3376;Gare de voyageurs;Les Quatre-Routes;halte ferroviaire;87594564;Occitanie;46;2018-02-07T02:00:00+01:00;"{""type"": ""Point"", ""coordinates"": [1.643646113432038, 44.99778915588452]}";44.9977891559,1.64364611343
183;3574;Gare de voyageurs;Lézignan-Corbières;gare avec accueil du public;87615112;Occitanie;11;2018-02-07T02:00:00+01:00;"{""type"": ""Point"", ""coordinates"": [2.769235619474218, 43.19984568305008]}";43.1998456831,2.76923561947
190;3643;Gare de voyageurs;Marquixanes;halte ferroviaire;87784629;Occitanie;66;2018-02-07T02:00:00+01:00;"{""type"": ""Point"", ""coordinates"": [2.485398817561433, 42.642870391553174]}";42.6428703916,2.48539881756
199;3662;Gare de voyageurs et de fret;Foix;gare avec accueil du public;87611616;Occitanie;09;2018-02-07T02:00:00+01:00;"{""type"": ""Point"", ""coordinates"": [1.6069926302356352, 42.96984520617601]}";42.9698452062,1.60699263024
201;3669;Gare de voyageurs;Brax-Léguevin;halte ferroviaire;87611822;Occitanie;31;2018-02-07T02:00:00+01:00;"{""type"": ""Point"", ""coordinates"": [1.236828498137779, 43.61478244304039]}";43.614782443,1.23682849814
204;3679;Gare de voyageurs;Saint-Geniès-de-Malgoirès;halte ferroviaire;87775361;Occitanie;30;2018-02-07T02:00:00+01:00;"{""type"": ""Point"", ""coordinates"": [4.214134944440489, 43.948844665262996]}";43.9488446653,4.21413494444
206;3684;Gare de voyageurs;Alès;gare avec accueil du public;87775288;Occitanie;30;2018-02-07T02:00:00+01:00;"{""type"": ""Point"", ""coordinates"": [4.084732763103138, 44.12812120806252]}";44.1281212081,4.0847327631
207;3685;Gare de voyageurs;Banassac-la-Canourgue;halte ferroviaire;87783324;Occitanie;48;2018-02-07T02:00:00+01:00;"{""type"": ""Point"", ""coordinates"": [3.19613938145369, 44.447799164917]}";44.4477991649,3.19613938145
212;3896;Gare de voyageurs et de fret;Lannemezan;gare avec accueil du public;87671123;Occitanie;65;2018-02-07T02:00:00+01:00;"{""type"": ""Point"", ""coordinates"": [0.387428854970194, 43.114218005131725]}";43.1142180051,0.38742885497
218;3936;Gare de voyageurs;IIle-sur-Têt;gare avec accueil du public;87784561;Occitanie;66;2018-02-07T02:00:00+01:00;"{""type"": ""Point"", ""coordinates"": [2.624476284894111, 42.66836784923205]}";42.6683678492,2.62447628489
238;4199;Gare de voyageurs;Leucate-la-Franqui;gare avec accueil du public;87781088;Occitanie;11;2018-02-07T02:00:00+01:00;"{""type"": ""Point"", ""coordinates"": [3.012816329732072, 42.932933344641704]}";42.9329333446,3.01281632973
240;4203;Gare de voyageurs;Lestelle;halte ferroviaire;87611111;Occitanie;31;2018-02-07T02:00:00+01:00;"{""type"": ""Point"", ""coordinates"": [0.912834056029248, 43.11884796410341]}";43.1188479641,0.912834056029
249;4243;Gare de voyageurs;Montpaon;halte ferroviaire;87781534;Occitanie;12;2018-02-07T02:00:00+01:00;"{""type"": ""Point"", ""coordinates"": [3.109840632601963, 43.86864165654765]}";43.8686416565,3.1098406326
251;4252;Gare de voyageurs;Lalbenque-Fontanes;halte ferroviaire;87613323;Occitanie;46;2018-02-07T02:00:00+01:00;"{""type"": ""Point"", ""coordinates"": [1.511574625666289, 44.33286554271788]}";44.3328655427,1.51157462567
253;4259;Gare de voyageurs et de fret;Bretenoux-Biars;gare avec accueil du public;87594762;Occitanie;46;2018-02-07T02:00:00+01:00;"{""type"": ""Point"", ""coordinates"": [1.844314940676665, 44.927596591135156]}";44.9275965911,1.84431494068
269;4506;Gare de voyageurs et de fret;Carbonne;gare avec accueil du public;87611061;Occitanie;31;2018-02-07T02:00:00+01:00;"{""type"": ""Point"", ""coordinates"": [1.212611680839952, 43.29853121822802]}";43.2985312182,1.21261168084
280;4527;Gare de voyageurs;Boucoiran;halte ferroviaire;87775346;Occitanie;30;2018-02-07T02:00:00+01:00;"{""type"": ""Point"", ""coordinates"": [4.187436288051074, 43.99267116503892]}";43.992671165,4.18743628805
287;4730;Gare de voyageurs;Luc-Primaube;halte ferroviaire;87615773;Occitanie;12;2018-02-07T02:00:00+01:00;"{""type"": ""Point"", ""coordinates"": [2.554471662706206, 44.29135432012119]}";44.2913543201,2.55447166271
295;4784;Gare de voyageurs;Manduel-Redessan;halte ferroviaire;87775064;Occitanie;30;2018-02-07T02:00:00+01:00;"{""type"": ""Point"", ""coordinates"": [4.478580901068087, 43.8265454963603]}";43.8265454964,4.47858090107
299;4798;Gare de voyageurs;Assier;gare avec accueil du public;87613075;Occitanie;46;2018-02-07T02:00:00+01:00;"{""type"": ""Point"", ""coordinates"": [1.869390851364866, 44.674681446354775]}";44.6746814464,1.86939085136
3;1456;Gare de voyageurs et de fret;Portet-Saint-Simon;gare avec accueil du public;87611400;Occitanie;31;2018-02-07T02:00:00+01:00;"{""type"": ""Point"", ""coordinates"": [1.388634471956824, 43.527487224320076]}";43.5274872243,1.38863447196
4;1457;Gare de voyageurs;Montrabé;halte ferroviaire;87611848;Occitanie;31;2018-02-07T02:00:00+01:00;"{""type"": ""Point"", ""coordinates"": [1.523367876280338, 43.645245668804705]}";43.6452456688,1.52336787628
8;1471;Gare de voyageurs;Saint-Julien-les-Fumades;halte ferroviaire;0;Occitanie;30;2018-02-07T02:00:00+01:00;"{""type"": ""Point"", ""coordinates"": [4.192901668123306, 44.21154387861881]}";44.2115438786,4.19290166812
14;1587;Gare de voyageurs;Thuès-les-Bains;halte ferroviaire;87784744;Occitanie;66;2018-02-07T02:00:00+01:00;"{""type"": ""Point"", ""coordinates"": [2.248925604855255, 42.52906479407362]}";42.5290647941,2.24892560486
19;1603;Gare de voyageurs;Robiac-Rochessadoule;halte ferroviaire;0;Occitanie;30;2018-02-07T02:00:00+01:00;"{""type"": ""Point"", ""coordinates"": [4.122439638854274, 44.27612641459231]}";44.2761264146,4.12243963885
27;1740;Gare de voyageurs;Montpellier-Saint-Roch;gare avec accueil du public;87773002;Occitanie;34;2018-02-07T02:00:00+01:00;"{""type"": ""Point"", ""coordinates"": [3.88100417952134, 43.60480533896083]}";43.604805339,3.88100417952
29;1748;Gare de voyageurs;Grand-Combe-La Pise;gare avec accueil du public;87775254;Occitanie;30;2018-02-07T02:00:00+01:00;"{""type"": ""Point"", ""coordinates"": [4.033270033787509, 44.209920030108925]}";44.2099200301,4.03327003379
31;1756;Gare de voyageurs et de fret;Souillac;gare avec accueil du public;87594333;Occitanie;46;2018-02-07T02:00:00+01:00;"{""type"": ""Point"", ""coordinates"": [1.46682039831178, 44.90210644181075]}";44.9021064418,1.46682039831
32;1784;Gare de voyageurs;Le Monastier;halte ferroviaire;87783308;Occitanie;48;2018-02-07T02:00:00+01:00;"{""type"": ""Point"", ""coordinates"": [3.252315043113016, 44.50928369571503]}";44.5092836957,3.25231504311
48;2083;Gare de voyageurs;Banyuls-sur-Mer;gare avec accueil du public;87784298;Occitanie;66;2018-02-07T02:00:00+01:00;"{""type"": ""Point"", ""coordinates"": [3.124624510914487, 42.48316083046863]}";42.4831608305,3.12462451091
55;2099;Gare de voyageurs;Saint-Georges-de-Luzençon;halte ferroviaire;87783423;Occitanie;12;2018-02-07T02:00:00+01:00;"{""type"": ""Point"", ""coordinates"": [2.983519576311963, 44.06606436703603]}";44.066064367,2.98351957631
59;2108;Gare de voyageurs;Mende;gare avec accueil du public;87783605;Occitanie;48;2018-02-07T02:00:00+01:00;"{""type"": ""Point"", ""coordinates"": [3.500862319933704, 44.522202815932]}";44.5222028159,3.50086231993
62;2245;Gare de voyageurs;Saverdun;gare avec accueil du public;87611368;Occitanie;09;2018-02-07T02:00:00+01:00;"{""type"": ""Point"", ""coordinates"": [1.5702294636703211, 43.23946615980809]}";43.2394661598,1.57022946367
70;2257;Gare de voyageurs;Villeneuve-lès-Maguelone;halte ferroviaire;87773515;Occitanie;34;2018-02-07T02:00:00+01:00;"{""type"": ""Point"", ""coordinates"": [3.849791553959345, 43.54356070388438]}";43.5435607039,3.84979155396
73;2263;Gare de voyageurs et de fret;Albi-Ville;gare avec accueil du public;87615005;Occitanie;81;2018-02-07T02:00:00+01:00;"{""type"": ""Point"", ""coordinates"": [2.137569054477857, 43.92240092487068]}";43.9224009249,2.13756905448
75;2266;Gare de voyageurs et de fret;Bram;gare avec accueil du public;87615054;Occitanie;11;2018-02-07T02:00:00+01:00;"{""type"": ""Point"", ""coordinates"": [2.118654051329211, 43.24394144176271]}";43.2439414418,2.11865405133
78;2377;Gare de voyageurs;Frontignan;gare avec accueil du public;87773556;Occitanie;34;2018-02-07T02:00:00+01:00;"{""type"": ""Point"", ""coordinates"": [3.758866903191858, 43.444564123961854]}";43.444564124,3.75886690319
79;2393;Gare de voyageurs;Prades-Molitg-les-Bains;gare avec accueil du public;87784637;Occitanie;66;2018-02-07T02:00:00+01:00;"{""type"": ""Point"", ""coordinates"": [2.429023203947697, 42.61685396332187]}";42.6168539633,2.42902320395
86;2408;Gare de voyageurs et de fret;Valence-d'Agen;gare avec accueil du public;87611863;Occitanie;82;2018-02-07T02:00:00+01:00;"{""type"": ""Point"", ""coordinates"": [0.8920724469064001, 44.111764788199494]}";44.1117647882,0.892072446906
87;2414;Gare de voyageurs;Molières-sur-Cèze;halte ferroviaire;0;Occitanie;30;2018-02-07T02:00:00+01:00;"{""type"": ""Point"", ""coordinates"": [4.160206840106756, 44.25938625763678]}";44.2593862576,4.16020684011
88;2416;Gare de voyageurs;Barjac;halte ferroviaire;87783563;Occitanie;48;2018-02-07T02:00:00+01:00;"{""type"": ""Point"", ""coordinates"": [3.4104915094480113, 44.49954978345968]}";44.4995497835,3.41049150945
98;2569;Gare de voyageurs;Saint-Agne;gare avec accueil du public;87611301;Occitanie;31;2018-02-07T02:00:00+01:00;"{""type"": ""Point"", ""coordinates"": [1.45063485028549, 43.579929771581604]}";43.5799297716,1.45063485029
101;2574;Gare de voyageurs;Castelnau-d'Estrétefonds;gare avec accueil du public;87611665;Occitanie;31;2018-02-07T02:00:00+01:00;"{""type"": ""Point"", ""coordinates"": [1.341460513719696, 43.78625252496137]}";43.786252525,1.34146051372
107;2590;Gare de voyageurs;Naucelle;gare avec accueil du public;87615732;Occitanie;12;2018-02-07T02:00:00+01:00;"{""type"": ""Point"", ""coordinates"": [2.363270173425239, 44.18530886639681]}";44.1853088664,2.36327017343
118;2743;Gare de voyageurs et de fret;Tarbes;gare avec accueil du public;87671008;Occitanie;65;2018-02-07T02:00:00+01:00;"{""type"": ""Point"", ""coordinates"": [0.069472494225012, 43.240306128483816]}";43.2403061285,0.069472494225
123;2770;Gare de voyageurs et de fret;Caussade;gare avec accueil du public;87613356;Occitanie;82;2018-02-07T02:00:00+01:00;"{""type"": ""Point"", ""coordinates"": [1.533511382592001, 44.16240864284834]}";44.1624086428,1.53351138259
131;3008;Gare de voyageurs;Salindres;halte ferroviaire;0;Occitanie;30;2018-02-07T02:00:00+01:00;"{""type"": ""Point"", ""coordinates"": [4.153427367628949, 44.17310131043966]}";44.1731013104,4.15342736763
144;3063;Gare de voyageurs;Baraqueville-Carcenac-Peyrales;halte ferroviaire;87615757;Occitanie;12;2018-02-07T02:00:00+01:00;"{""type"": ""Point"", ""coordinates"": [2.427506886303444, 44.27037357433967]}";44.2703735743,2.4275068863
151;3243;Gare de voyageurs;Magalas;halte ferroviaire;87781666;Occitanie;34;2018-02-07T02:00:00+01:00;"{""type"": ""Point"", ""coordinates"": [3.22968930659806, 43.46754785085152]}";43.4675478509,3.2296893066
152;3244;Gare de voyageurs;Lamagistère;halte ferroviaire;87611855;Occitanie;82;2018-02-07T02:00:00+01:00;"{""type"": ""Point"", ""coordinates"": [0.825458518969933, 44.12670696273672]}";44.1267069627,0.82545851897
155;3260;Gare de voyageurs;Joncet;halte ferroviaire;87784710;Occitanie;66;2018-02-07T02:00:00+01:00;"{""type"": ""Point"", ""coordinates"": [2.310665805990912, 42.561405727832486]}";42.5614057278,2.31066580599
156;3262;Gare de voyageurs et de fret;Rivesaltes;gare avec accueil du public;87784173;Occitanie;66;2018-02-07T02:00:00+01:00;"{""type"": ""Point"", ""coordinates"": [2.867789752552974, 42.76625212059197]}";42.7662521206,2.86778975255
158;3272;Gare de voyageurs et de fret;Gourdon;gare avec accueil du public;87613141;Occitanie;46;2018-02-07T02:00:00+01:00;"{""type"": ""Point"", ""coordinates"": [1.389429589913644, 44.74203759842604]}";44.7420375984,1.38942958991
162;3310;Gare de voyageurs;Lunas;halte ferroviaire;87781575;Occitanie;34;2018-02-07T02:00:00+01:00;"{""type"": ""Point"", ""coordinates"": [3.194216753491464, 43.709386879402544]}";43.7093868794,3.19421675349
172;3351;Gare de voyageurs;Saint-Jory;halte ferroviaire;87611657;Occitanie;31;2018-02-07T02:00:00+01:00;"{""type"": ""Point"", ""coordinates"": [1.371373710200821, 43.73825743937491]}";43.7382574394,1.3713737102
188;3639;Gare de voyageurs et de fret;Viviez-Decazeville;gare avec accueil du public;87613661;Occitanie;12;2018-02-07T02:00:00+01:00;"{""type"": ""Point"", ""coordinates"": [2.218428460798012, 44.555789775819804]}";44.5557897758,2.2184284608
191;3650;Gare de voyageurs;Ur-les-Escaldes;halte ferroviaire;87784884;Occitanie;66;2018-02-07T02:00:00+01:00;"{""type"": ""Point"", ""coordinates"": [1.94038361606821, 42.45742562337393]}";42.4574256234,1.94038361607
196;3659;Gare de voyageurs;Saint-Pé-de-Bigorre;halte ferroviaire;87671362;Occitanie;65;2018-02-07T02:00:00+01:00;"{""type"": ""Point"", ""coordinates"": [-0.16087788563907202, 43.10115805497916]}";43.101158055,-0.160877885639
198;3661;Gare de voyageurs;Saint-Martory;halte ferroviaire;87611103;Occitanie;31;2018-02-07T02:00:00+01:00;"{""type"": ""Point"", ""coordinates"": [0.933950043202397, 43.13843485585285]}";43.1384348559,0.933950043202
200;3663;Gare de voyageurs;Villefranche-de-Lauragais;gare avec accueil du public;87615013;Occitanie;31;2018-02-07T02:00:00+01:00;"{""type"": ""Point"", ""coordinates"": [1.7147280525798991, 43.39824219816457]}";43.3982421982,1.71472805258
202;3670;Gare de voyageurs;Pibrac;halte ferroviaire;87611830;Occitanie;31;2018-02-07T02:00:00+01:00;"{""type"": ""Point"", ""coordinates"": [1.289186958985653, 43.621496300996036]}";43.621496301,1.28918695899
203;3678;Gare de voyageurs;Pommevic;halte ferroviaire;87618058;Occitanie;82;2018-02-07T02:00:00+01:00;"{""type"": ""Point"", ""coordinates"": [0.9330875180246501, 44.10214797107427]}";44.1021479711,0.933087518025
205;3683;Gare de voyageurs;Bessèges;halte ferroviaire;0;Occitanie;30;2018-02-07T02:00:00+01:00;"{""type"": ""Point"", ""coordinates"": [4.100501247976462, 44.28839944671523]}";44.2883994467,4.10050124798
208;3842;Gare de voyageurs;Vergèze-Codognan;gare avec accueil du public;87775114;Occitanie;30;2018-02-07T02:00:00+01:00;"{""type"": ""Point"", ""coordinates"": [4.218942253664641, 43.739833055047285]}";43.739833055,4.21894225366
209;3862;Gare de voyageurs;Font-Romeu-Odeillo-Via;gare avec accueil du public;87784819;Occitanie;66;2018-02-07T02:00:00+01:00;"{""type"": ""Point"", ""coordinates"": [2.037937878641631, 42.491165507663645]}";42.4911655077,2.03793787864
225;3954;Gare de voyageurs;Roquesérière-Buzet;halte ferroviaire;87615351;Occitanie;31;2018-02-07T02:00:00+01:00;"{""type"": ""Point"", ""coordinates"": [1.618722807104374, 43.75080440182248]}";43.7508044018,1.6187228071
228;3959;Gare de voyageurs et de fret;Montbartier;halte ferroviaire;87611699;Occitanie;82;2018-02-07T02:00:00+01:00;"{""type"": ""Point"", ""coordinates"": [1.264484411217969, 43.92395202840075]}";43.9239520284,1.26448441122
232;4127;Gare de voyageurs;Générac;halte ferroviaire;87775791;Occitanie;30;2018-02-07T02:00:00+01:00;"{""type"": ""Point"", ""coordinates"": [4.3432716666503, 43.73242157790918]}";43.7324215779,4.34327166665
233;4149;Gare de voyageurs;Les Cabannes;halte ferroviaire;87611574;Occitanie;09;2018-02-07T02:00:00+01:00;"{""type"": ""Point"", ""coordinates"": [1.685947696845236, 42.78658268720237]}";42.7865826872,1.68594769685
236;4192;Gare de voyageurs;Saint-Chély-d'Apcher;gare avec accueil du public;87783241;Occitanie;48;2018-02-07T02:00:00+01:00;"{""type"": ""Point"", ""coordinates"": [3.270668287414813, 44.8018228859324]}";44.8018228859,3.27066828741
247;4239;Gare de voyageurs;Saint-Cyprien-Arènes;gare avec accueil du public;87446179;Occitanie;31;2018-02-07T02:00:00+01:00;"{""type"": ""Point"", ""coordinates"": [1.415656885970301, 43.59368462792395]}";43.5936846279,1.41565688597
254;4422;Gare de voyageurs;Aubin;halte ferroviaire;87613224;Occitanie;12;2018-02-07T02:00:00+01:00;"{""type"": ""Point"", ""coordinates"": [2.23943309765185, 44.52700525756445]}";44.5270052576,2.23943309765
255;4428;Gare de voyageurs et de fret;Lavaur;gare avec accueil du public;87615476;Occitanie;81;2018-02-07T02:00:00+01:00;"{""type"": ""Point"", ""coordinates"": [1.813228905811052, 43.70366707041445]}";43.7036670704,1.81322890581
261;4466;Gare de voyageurs;Lunel-Viel;halte ferroviaire;87773424;Occitanie;34;2018-02-07T02:00:00+01:00;"{""type"": ""Point"", ""coordinates"": [4.093155999283941, 43.68094136732479]}";43.6809413673,4.09315599928
284;4702;Gare de voyageurs;Baillargues;halte ferroviaire;87773457;Occitanie;34;2018-02-07T02:00:00+01:00;"{""type"": ""Point"", ""coordinates"": [4.007809905019661, 43.65351824451541]}";43.6535182445,4.00780990502
289;4755;Gare de voyageurs;Luc;halte ferroviaire;87734368;Occitanie;48;2018-02-07T02:00:00+01:00;"{""type"": ""Point"", ""coordinates"": [3.8913755657442772, 44.65413008206294]}";44.6541300821,3.89137556574
294;4783;Gare de voyageurs;Lunel;gare avec accueil du public;87773408;Occitanie;34;2018-02-07T02:00:00+01:00;"{""type"": ""Point"", ""coordinates"": [4.131349615614605, 43.67962759413129]}";43.6796275941,4.13134961561
298;4793;Gare de voyageurs;Chamborigaud;halte ferroviaire;87775221;Occitanie;30;2018-02-07T02:00:00+01:00;"{""type"": ""Point"", ""coordinates"": [3.979270962270545, 44.30045852971081]}";44.3004585297,3.97927096227
304;4976;Gare de voyageurs;Osséja;halte ferroviaire;87784868;Occitanie;66;2018-02-07T02:00:00+01:00;"{""type"": ""Point"", ""coordinates"": [1.977185834705308, 42.419930389549826]}";42.4199303895,1.97718583471
309;5018;Gare de voyageurs;Le TOEC;halte ferroviaire;87353573;Occitanie;31;2018-02-07T02:00:00+01:00;"{""type"": ""Point"", ""coordinates"": [1.401335077761149, 43.59544117895468]}";43.595441179,1.40133507776
310;5022;Gare de voyageurs;Langogne;gare avec accueil du public;87734350;Occitanie;48;2018-02-07T02:00:00+01:00;"{""type"": ""Point"", ""coordinates"": [3.856943807914612, 44.73286933565575]}";44.7328693357,3.85694380791
